Name,Gender,Age,Salary,City
Catherine Wright,Male,48,148940,Delhi
Sean Guerra,Female,57,103851,UP
Riley Mason,Male,43,56240,Punjab
Jennifer Camacho,Female,39,54695,MP
Jared Crane,Male,33,145878,UP
Rachel Middleton,Female,43,148823,UP
Erik Mitchell,Female,40,147605,Delhi
Erica Mcdaniel,Female,47,139195,Punjab
William Jimenez,Male,57,91628,Punjab
Katherine Sawyer,Female,45,53941,Delhi
Linda Jenkins,Female,26,71132,Delhi
Wayne Jacobs,Male,43,35283,Delhi
Troy Smith,Female,48,130448,Punjab
Juan Carr,Female,40,130945,UP
Mandy Hamilton,Male,53,73865,MP
Sara Padilla,Male,39,123966,UP
Stephen Spencer,Female,47,82546,UP
Stephen Santana,Male,51,149099,UP
Robert Gilmore,Male,43,82835,Delhi
Carl Herrera,Male,55,106760,UP
Renee Jones,Female,39,52676,Punjab
Kathryn Sanders,Male,43,60724,MP
Sean Pacheco,Female,56,51090,UP
Daniel Sanchez,Male,44,104375,UP
Jessica Moyer,Male,21,97976,Delhi
Sean West,Female,38,31423,Punjab
Joseph Brandt,Female,26,99556,Punjab
Mariah Lucas MD,Male,49,122002,Delhi
Scott Smith,Male,53,99403,Delhi
Ernest Davis,Male,44,145102,Delhi
Jasmine Mckinney,Male,42,91747,Punjab
Shelley Smith,Female,38,72826,UP
Eric Gould,Male,51,143086,MP
Brandon Sheppard,Female,45,64093,UP
Steven Fritz,Male,26,38310,UP
Taylor Rodriguez,Female,39,133159,UP
Tasha Francis,Male,55,72676,Delhi
Hannah Martin,Male,34,62454,UP
William Gray,Female,25,121856,Punjab
Robert Alvarado,Male,38,68468,MP
Gerald Flowers,Male,42,108272,UP
Leslie Nichols,Male,34,141535,UP
Melissa Cohen,Male,56,77520,Delhi
Amy Duarte,Female,44,105261,Punjab
Ryan Navarro,Female,49,38180,Punjab
Brian Young,Male,31,68251,Delhi
Shannon Holden,Male,56,109658,Delhi
Elizabeth Gomez,Female,42,86677,Delhi
Dana Johnson,Male,28,122900,Punjab
Richard Glover,Female,37,108378,UP
Kelsey Montoya,Female,26,96133,MP
Tamara Forbes,Female,26,126624,UP
Barry Powell,Male,51,43521,UP
Gary Hall,Female,34,50692,UP
Justin Oconnor,Female,51,48538,Delhi
Thomas Wheeler,Male,38,102730,UP
Tommy Grant,Male,58,116464,Punjab
Joseph Adams,Male,24,46285,MP
Holly Serrano,Female,30,127832,UP
Amanda Chan,Male,20,111199,UP
John Bell,Male,39,81496,Delhi
Wayne Reynolds,Male,53,95298,Punjab
Zachary Bird,Male,57,81809,Punjab
Steven Warren,Male,51,30356,Delhi
Kaitlyn Gibson,Male,46,60572,Delhi
Russell Morgan,Male,45,120590,Delhi
Nicole Garcia,Male,39,124080,Punjab
Jose Miller,Male,21,121720,UP
Omar Kemp,Female,35,129234,MP
Jennifer Wilson,Female,33,71119,UP
Jonathon Freeman,Male,20,100755,UP
Travis Stewart,Female,25,110002,UP
Barbara Stevenson,Male,49,147724,Delhi
Mrs. Chelsea Mason,Male,51,137393,UP
Michael Daniels,Female,26,39720,Punjab
Amy Hudson,Female,29,45493,MP
Lance Wood,Male,28,143131,UP
Elizabeth Smith,Female,25,139764,UP
Nicole Patterson,Female,39,124972,Delhi
Michael Smith,Male,48,102379,Punjab
Joshua Thompson,Female,42,125818,Punjab
Kevin Davis,Female,50,139720,Delhi
Brian Harris,Male,36,49020,Delhi
Jeffrey Gomez,Female,31,94131,Delhi
Christine Meza,Female,50,62922,Punjab
Sherry Miller,Female,27,149061,UP
Heather Jenkins,Male,42,93137,MP
Jonathan Sosa,Female,48,95419,UP
Ricky Hall,Male,31,44593,UP
Charles Wilcox,Female,40,148541,UP
Tracey Edwards,Male,39,48967,Delhi
Louis Long,Male,24,113843,UP
Ryan Li,Male,50,73576,Punjab
Melissa Roy,Male,25,60341,MP
Brian Smith,Female,45,100544,UP
Dawn Gardner,Male,25,41081,UP
Christina Taylor,Male,20,89921,Delhi
Jerry Rodriguez,Male,42,94993,Punjab
Elizabeth Jones,Male,31,80816,Punjab
Jamie Doyle,Male,22,46774,Delhi
